date;C_1;C_2;C_3;C_4;C_5;C_6;C_7;C_8;C_9;C_10;C_11;C_12;C_13;C_14;C_15;C_16;C_17;C_18;C_19;C_20;C_21;C_22;C_23;C_24;C_25;C_26;C_27;C_28;C_29;C_30;C_31;C_32;C_33;C_34;C_35;C_36;C_37;C_38;C_39;C_40;C_41;C_42;C_43;C_44;C_45;C_46;C_47;C_48;C_49;C_50;C_51;C_52;C_53;C_54;C_55;C_56;C_57;C_58;C_59;C_60;C_61;C_62;C_63
2008-01-31 ;4143.667;7035.12;4295.423;14133.199;7762.377;4167.407;93.057;5734.094;1021.155;1047.874;17049.973;2282.692;692.24;1403.371;7144.083;6282.203;1696.003;37892.56;1235.762;1161.481;733.953;334.505;1720.631;451.206;5075.247;521.457;629.987;8686.554;881.412;14841.33;10783.016;402.998;452.587;1886.434;456.92;1684.946;367.417;903.12;1536.504;687.961;8583.907;5570.646;230.224;19339.282;9298.461;358.42;446.161;1276.998;613.337;4486.439;6912.165;4878.891;1839.594;3724.771;2547.122;1748.642;7956.898;4997.59;1799.755;855.155;2289.231;1813.741;1831.444
2008-02-29 ;4540.141;7273.025;4433.371;14472.08;8699.021;4321.142;103.088;6089.879;1029.375;1160.217;18572.719;2509.787;683.74;1448.094;7262.348;6364.894;1620.796;37048.165;1234.695;1260.427;716.39;352.975;1717.069;454.895;5110.311;550.389;627.925;8740.599;963.968;15189.954;12319.568;395.684;504.634;2192.163;438.201;1744.538;359.197;998.629;1651.464;728.106;8928.703;5679.353;232.816;20688.726;9524.143;411.59;505.886;1289.716;631.175;4346.96;6940.989;5045.172;2060.242;3936.347;2622.265;1797.311;7892.48;5416.094;1873.441;998.802;2260.117;1835.373;1778.733
2008-03-31 ;4804.326;7320.035;4192.78;15211.042;8038.588;4655.68;90.535;5756.995;1050.975;1170.349;19326.519;2531.909;694.684;1364.803;7446.224;6434.797;1660.927;34785.644;1215.044;1108.3;625.571;332.246;1682.476;434.516;4906.177;526.788;576.127;9247.95;1040.113;15735.619;12235.088;372.1;509.445;2080.188;410.547;1881.634;358.403;913.266;1621.035;673.654;9086.191;5975.681;232.608;21157.866;9672.525;421.682;494.168;1030.275;585.271;4330.946;6791.795;4778.32;1913.041;3739.304;2681.656;1822.135;6980.969;5084.664;1926.436;1032.477;2234.476;1799.882;1751.716
2008-04-30 ;4915.038;8176.488;4547.442;16020.846;9273.703;4605.833;104.667;6165.443;1246.594;1158.787;19220.059;2671.52;704.668;1349.237;7786.487;6733.628;1736.541;37622.985;1283.872;1043.375;694.87;362.575;1787.728;444.879;5262.705;564.687;591.539;9084.733;1009.414;16433.753;13829.341;381.803;488.542;2186.773;370.855;1851.738;374.449;1126.73;1665.097;759.054;9673.853;6166.124;229.511;22225.771;9716.139;439.424;503.552;1201.306;644.034;4545.319;7231.357;5035.672;2190.355;3934.953;2765.045;1899.552;7572.934;5347.176;1938.686;1077.084;2279.259;1882.135;1849.576
2008-05-30 ;5696.358;8489.69;4659.077;15263.983;10339.649;4557.705;99.479;6635.27;1297.7;1287.309;20415.226;2495.719;674.883;1357.989;7992.585;6863.342;1745.092;37416.82;1348.328;1085.061;624.496;380.215;1802.506;470.752;5395.226;554.776;573.573;9671.572;1021.284;16520.328;14953.904;384.242;373.555;2179.661;370.06;1909.558;366.899;1184.904;1934.069;776.883;9741.232;6119.838;224.168;22751.22;9702.186;425.291;488.681;1163.773;643.415;4617.845;7188.592;5121.629;2428.024;4168.961;2819.014;1941.492;6764.023;5184.082;1963.345;1033.618;2244.428;1923.48;1908.277
2008-06-30 ;6503.074;7723.81;4372.448;12363.737;9519.635;4114.169;87.403;6398.735;1091.62;1314.401;19154.081;2272.249;573.101;1186.137;7205.555;6318.873;1445.748;33419.992;1255.738;1058.302;502.311;371.66;1611.154;510.065;5027.661;486.837;523.696;8829.691;1015.354;14398.111;13995.719;319.033;374.327;2130.363;308.823;1728.977;310.434;1176.369;1798.535;704.161;9007.626;5480.946;218.843;19247.039;9179.39;377.243;435.839;1018.812;620.185;4241.463;6738.117;4662.652;2205.561;4024.71;2498.529;1745.748;5316.813;4591.063;1792.061;881.074;2024.684;1791.366;1728.41
2008-07-31 ;5247.551;7003.342;4065.774;11325.225;8530.937;4362.502;89.417;5954.126;1170.862;1273.046;18633.627;2184.998;461.002;1201.954;7063.906;6252.646;1454.855;32928.147;1384.679;1058.416;536.051;344.49;1538.281;513.119;4856.324;479.002;516.85;8456.162;983.667;13825.538;12571.759;323.775;305.616;1783.215;334.273;1953.153;299.647;1146.376;1510.505;724.779;8951.004;5434.024;205.989;19082.823;9130.482;354.129;377.647;1306.983;608.467;4192.954;6461.851;4401.84;2168.567;3736.09;2435.531;1660.305;5748.996;4602.82;1731.506;830.934;1965.746;1736.356;1700.72
2008-08-29 ;4838.92;6590.274;3900.299;11294.42;7688.035;4119.285;82.1;5839.006;1136.939;1158.701;17805.463;1982.516;448.733;1135.301;6817.543;5870.701;1334.441;31169.212;1234.316;987.053;529.787;342.409;1471.711;492.611;4663.194;412.891;471.645;8098.71;926.525;14025.798;11922.657;305.425;246.948;1652.126;341.588;1691.225;278.127;1011.646;1289.935;690.588;8239.862;5055.807;195.241;18243.323;8864.276;350.787;383.802;1182.267;533.543;4250.383;6253.981;4249.039;1935.953;3699.712;2413.16;1588.084;5710.285;3936.69;1704.476;819.661;1941.626;1674.896;1733.175
2008-09-30 ;3644.472;4545.754;3225.887;8431.308;5914.697;3690.582;65.361;5010.726;999.795;978.292;14113.446;1648.496;331.863;862.654;5844.851;5019.716;1136.465;25757.458;1015.603;781.357;432.341;314.741;1255.911;442.779;4142.88;368.95;430.127;7176.321;794.607;11381.288;8310.837;266.37;239.103;1399.556;320.073;1462.535;252.812;912.363;984.575;587.777;7009.434;4550.156;163.009;14860.843;7966.719;284.464;337.882;1012.172;443.554;3860.514;5325.425;3581.214;1388.431;3103.549;2047.021;1266.987;4619.523;3517.965;1496.761;621.462;1642.481;1504.751;1535.275
2008-10-31 ;2125.521;2861.962;2402.97;5349.21;4019.228;2745.236;50.496;3660.681;718.218;690.237;10490.197;1113.643;253.241;710.02;4534.77;3866.747;719.347;20277.57;575.348;472.905;309.231;258.748;959.509;359.615;3530.486;272.572;354.986;4974.957;710.454;8523.301;5538.325;206.605;229.851;895.109;242.2;967.463;186.45;670.733;637.26;433.883;4977.215;3400.401;123.855;10899.603;6989.456;231.497;226.351;665.258;295.573;3200.304;4315.692;2488.707;995.894;2296.98;1523.844;920.391;3174.855;2378.074;1182.496;499.808;1247.307;1272.379;1204.398
2008-11-28 ;2088.4;2445.252;2226.335;4794.208;3649.015;2669.285;52.794;3453.988;755.815;643.36;9774.913;952.253;205.959;649.468;4286.693;3520.638;648.599;20155.247;525.431;417.468;276.238;238.237;906.47;276.305;3486.457;226.386;350.702;4798.038;665.675;8030.909;4700.853;192.512;237.209;1008.836;240.801;852.92;182.025;561.935;520.265;433.087;4841.69;3350.971;120.11;10502.96;6354.137;206.488;216.925;595.902;207.194;2964.17;4038.324;2284.643;943.126;2216.429;1447.76;846.534;2861.034;2076.257;1072.924;454.051;1179.379;1314.687;1093.39
2008-12-31 ;2046.935;2581.071;2367.575;5312.581;3718.326;2740.24;58.337;3358.364;823.517;672.653;10144.137;1118.036;198.428;688.958;4653.669;3971.479;670.745;20925.033;541.602;518.909;303.03;248.062;968.064;289.455;3770.061;271.252;373.541;5022.26;692.734;8773.341;4930.414;202.854;118.722;1182.897;237.896;890.818;199.02;671.079;479.506;491.99;5168.874;3790.651;95.355;11134.479;6905.925;216.771;247.304;633.32;182.929;3002.604;3922.249;2526.801;942.12;2216.251;1606.279;954.924;3338.681;2608.973;1199.374;486.478;1143.752;1432.23;1147.034
2009-01-30 ;1965.026;2304.105;2055.406;5240.45;3889.871;3036.654;53.493;3241.113;773.038;551.475;9918.171;923.607;185.978;578.739;3990.054;3307.327;619.994;21019.914;403.711;477.597;296.934;241.393;833.302;283.977;3513.825;260.66;365.399;4383.62;585.02;8044.416;5052.325;185.784;113.499;1036.001;232.846;668.858;187.465;513.913;425.891;430.116;4880.846;3223.118;117.569;9880.878;6066.523;195.011;237.387;572.416;151.145;2757.992;3678.291;2147.518;946.276;2127.889;1402.705;775.304;3100.223;2539.061;1026.609;437.204;1064.09;1328.942;1054.79
2009-02-27 ;1707.944;1902.468;1979.296;4759.426;3776.932;3018.747;51.796;2964.089;719.391;473.117;8901.374;864.256;162.677;472.601;3611.338;2892.697;502.336;20015.761;339.518;433.875;266.153;259.485;718.728;264.328;3078.835;214.492;360.897;3801.5;658.014;7041.192;4657.335;167.282;132.334;991.981;233.479;532.612;172.466;450.748;422.215;401.949;4337.579;2882.034;107.472;9536.3;5422.046;202.741;227.092;509.618;153.529;2475.326;3377.624;1923.579;895.849;2005.456;1259.698;681.15;2775.917;2036.049;922.19;458.335;998.141;1153.762;943.023
2009-03-31 ;1738.486;2371.412;2331.502;5083.128;4183.229;3114.198;59.114;3243.895;740.185;567.181;9022.056;990.105;180.825;537.975;3910.931;3199.347;586.486;20826.132;385.513;524.943;298.497;262.242;768.861;272.274;3145.507;271.066;362.15;4321.424;632.258;7338.861;5090.727;197.449;163.441;1260.359;253.822;610.699;183.499;507.002;507.933;472.515;4702.209;3096.21;110.556;10438.629;5872.923;234.773;235.078;553.059;167.781;2687.434;3503.354;2301.235;980.854;2172.158;1356.969;755.16;3157.232;2591.843;997.847;547.989;1069.296;1232.803;1033.543
2009-04-30 ;1871.053;2608.645;2593.908;5732.714;5028.981;3352.248;65.679;3696.839;878.209;669.983;10676.881;1218.707;206;690.218;4432.084;3748.858;731.098;24338.201;490.766;685.279;356.844;273.299;916.153;281.526;3448.278;329.141;420.416;4950.175;678.276;8277.724;5743.909;216.893;175.85;1278.948;271.504;771.397;203.003;585.486;618.942;527.288;5525.347;3605.613;121.153;13099.34;6328.026;275.632;279.703;717.235;191.098;2945.475;3945.008;2629.853;1247.932;2547.788;1622.306;929.644;3856.911;3301.341;1179.241;648.76;1289.91;1354.823;1215.31
2009-05-29 ;1904.563;3274.833;2851.479;6558.963;6139.029;3999.424;77.099;4482.9;1057.789;732.67;12097.607;1350.005;201.729;748.416;4996.175;4133.452;869.158;28741.673;624.559;761.596;487.722;299.994;1039.457;301.933;3803.645;342.599;449.8;5803.249;717.008;9328.578;6977.091;234.447;176.161;1517.13;316.752;799.761;235.017;677.86;816.519;613.175;6898.762;4079.674;193.909;14236.092;6931.064;317.668;326.868;825.5;225.309;3107.532;4492.222;2920.314;1519.075;3024.915;1818.135;1021.797;5632.387;3475.848;1316.408;758.024;1435.769;1513.346;1284.173
2009-06-30 ;2381.699;3206;2994.112;6440.288;5897.037;4196.166;80.283;4241.012;1129.614;750.351;12118.889;1358.903;192.831;713.35;4790.135;3991.629;815.668;28278.361;654.148;813.157;477.119;304.258;1000.248;282.581;3870.641;339.18;463.735;5858.494;758.374;9209.262;6394.883;244.358;171.282;1401.706;315.853;836.725;233.633;682.73;699.805;620.575;6865.31;4244.668;226.229;14213.405;6865.415;293.541;361.456;869.365;223.701;3114.565;4435.034;3061.748;1495.491;2910.891;1766.83;985.322;5520.281;3358.574;1300.428;688.777;1434.548;1583.687;1283.275
2009-07-31 ;2563.916;3472.888;3300.665;6997.371;6417.284;4316.474;88.981;4751.088;1261.798;895.806;12987.117;1494.071;202.891;712.194;5295.989;4461.801;895.242;32172.937;766.841;1012.062;519.682;340.402;1083.674;279.8;4036.273;402.316;511.543;6480.686;710.952;10534.229;7080.222;266.646;181.289;1629.757;367.272;1076;241.445;708.073;754.754;652.345;7935.454;4847.522;227.004;16761.655;7628.482;329.437;375.667;1049.921;243.355;3349.331;4846.037;3395.783;1684.423;3246.345;1988.316;1089.208;6203.68;3838.66;1437.996;782.369;1575.651;1637.361;1395.554
2009-08-31 ;2891.97;3905.544;3571.638;7722.174;6527.019;4125.614;82.726;4683.546;1320.837;910.17;14017.039;1638.348;213.731;772.203;5716.939;4647.856;970.844;29893.529;866.001;1004.665;514.04;334.135;1184.839;280.838;4195.174;407.048;511.483;6806.553;716.076;11166.608;7269.843;285.116;214.965;1708.723;364.757;1144.396;259.066;748.675;773.052;689.348;7745.643;5148.836;221.437;17666.578;8125.157;320.688;385.16;1114.217;262.898;3465.82;5114.242;3679.637;1766.93;3265.599;2178.647;1148.095;6169.852;3811.695;1562.171;749.144;1673.514;1719.358;1459.881
2009-09-30 ;3025.975;4143.421;3987.52;8292.367;7519.271;4432.935;86.594;5024.543;1534.705;923.115;14305.34;1666.354;230.092;804.485;6066.772;4919.16;1083.075;32353.155;929.17;1122.71;570.627;335.959;1271.746;281.91;4124.86;456.129;532.458;6920.88;708.211;12090.629;8091.047;307.482;230.807;2018.453;363.916;1124.784;280.725;772.903;889.48;710.077;8194.25;5413.213;246.15;17821.827;8421.1;361.482;433.892;1151.512;303.479;3600.257;5256.779;4082.712;1978.314;3551.298;2354.396;1239.616;6802.836;4243.18;1644.141;844.619;1726.305;1691.619;1540.114
2009-10-30 ;3256.408;3910.996;3990.171;8133.692;7727.079;4467.837;92.174;4767.144;1394.993;884.072;13899.6;1736.278;205.139;740.391;5824.316;4723.373;1103.082;33237.965;940.904;1081.36;547.717;341.718;1209.092;277.496;4021.404;427.496;557.292;6954.573;713.038;11853.134;8374.919;311.708;224.645;1938.58;369.841;1199.383;280.91;753.1;929.388;701.556;8131.1;5373.303;236.01;18642.878;8460.947;346.589;405.966;1124.581;297.002;3530.52;5324.425;4038.952;2001.921;3387.081;2239.854;1167.47;6508.754;4005.382;1585.422;810.707;1732.798;1631.88;1486.834
2009-11-30 ;3215.63;3959.797;4114.217;8438.582;8364.37;4712.663;94.438;5122.283;1469.839;906.058;14348.675;1456.505;213.029;771.323;6055.775;4966.103;925.368;32827.182;973.966;1117.366;593.789;362.401;1225.951;276.611;3980.137;430.855;564.433;7651.781;666.449;12097.783;8860.703;296.089;224.085;2178.027;388.946;1301.407;284.893;752.591;951.409;739.595;8527.403;5614.221;241.349;18638.331;8602.261;359.999;408.532;1050.651;253.537;3740.563;5479.248;4117.461;2161.18;3657.338;2301.258;1236.74;7091.863;4018.97;1640.873;841.99;1787.296;1598.06;1565.663
2009-12-31 ;3357.047;3738.112;4185.204;8424.987;8500.763;5116.767;94.874;5284.788;1518.121;859.467;13906.818;1562.295;223.974;776.372;6201.519;5026.2;840.604;33511.887;961.938;1181.201;614.573;383.457;1239.125;274.836;4011.056;466.728;568.018;7866.598;658.254;12549.385;9299.148;307.815;225.721;2035.244;399.608;1269.47;281.988;730.568;982.574;776.443;8993.976;5499.093;277.944;18471.153;8743.586;390.719;438.487;1257.099;252.187;3817.617;5623.493;4239.121;2284.089;3833.11;2344.029;1243.949;7463.344;4302.543;1674.136;928.014;1841.711;1608.043;1636.873
2010-01-29 ;3250.057;3560.185;3892.341;8208.715;7571.292;5281.315;86.681;4895.375;1552.371;876.905;14341.675;1676.62;214.065;793.992;5743.16;4592.467;753.006;31305.038;968.806;1205.079;582.027;384.641;1134.27;271.714;4087.202;446.422;563.035;7376.379;686.585;12104.573;8613.898;289.372;228.908;1829.883;376.212;1255.262;253.141;699.239;1006.049;735.37;8454.671;4854.573;278.722;18011.608;8451.469;365.392;415.191;1285.464;227.537;3683.695;5352.885;3961.944;2029.951;3618.335;2246.654;1162.359;7077.227;4160.121;1634.956;857.622;1769.627;1639.357;1582.536
2010-02-26 ;3096.359;3430.902;4025.421;8099.381;7915.699;5229.368;88.582;5178.393;1622.514;838.002;14157.704;1701.018;205.66;774.801;5611.608;4490.3;679.434;32528.002;919.747;1161.001;589.887;393.026;1070.885;254.677;4133.048;444.037;567.95;7689.711;681.775;11554.213;8176.222;284.631;230.586;1973.459;398.061;1191.886;237.951;741.332;953.308;732.873;8522.097;4503.938;267.536;18528.796;8610.591;351.986;433.259;1126.211;215.677;3797.381;5275.539;4014.111;2107.425;3812.25;2202.628;1135.41;7161.496;4204.051;1606.556;823.722;1732.466;1668.485;1650.305
2010-03-31 ;3535.437;3692.362;4361.508;8340.856;8493.268;5132.333;93.38;5609.732;1675.402;857.712;15292.216;1747.79;223.482;872.481;5960.418;4896.504;729.954;34326.46;1083.305;1299.603;644.403;421.962;1148.865;259.477;4341.961;485.534;619.521;8482.895;702.321;12425.58;8704.543;296.536;248.521;2047.4;420.382;1323.295;253.057;797.708;1049.032;811.964;8880.742;4662.122;290.341;19898.789;9129.719;375.754;496.61;1307.23;270.025;4024.789;5590.273;4321.301;2180.102;4084.767;2357.442;1244.884;7769.203;4549.602;1735.879;898.487;1865.457;1752.103;1759.541
2010-04-30 ;3554.307;3704.94;4337.051;8049.865;8417.684;5320.291;93.069;5692.582;1685.487;868.727;16182.418;1904.989;241.657;795.51;5659.038;4811.345;646.263;33494.91;1087.082;1378.892;656.5;391.744;1069.965;268.862;4335.305;512.965;646.248;8495.637;735.695;12379.534;8857.274;307.648;252.104;2070.286;441.91;1315.025;231.089;840.036;1041.835;821.639;9394.116;4439.296;294.643;20964.206;8698.084;385.317;484.105;1405.416;262.459;4089.279;5527.43;4334.355;2214.724;4126.754;2302.248;1236.043;7918.566;4747.777;1656.254;915.913;1874.133;1780.058;1809.222
2010-05-31 ;3165.249;3100.576;3612.909;7439.19;7535.198;5226.761;88.081;5303.15;1656.46;763.469;14340.548;1657.471;193.715;694.43;4942.523;4310.233;479.265;31364.045;842.375;1274.592;604.061;348.707;915.672;250.852;3984.734;444.678;601.464;7945.202;684.838;10888.933;7408.322;267.705;220.445;2131.695;422.351;1122.321;211.992;756.033;926.812;761.452;8560.441;3713.558;294.616;18068.93;7768.38;347.495;471.056;1245.824;229.833;3759.572;4926.28;3631.317;2039.806;3867.577;2008.579;1080.039;7157.516;4125.086;1470.187;825.088;1683.328;1637.75;1672.334
2010-06-30 ;3332.302;2884.694;3534.749;7316.167;7201.536;5279.405;89.2;5029.586;1735.317;745.991;14470.841;1513.762;179.238;646.427;4870.798;4301.581;434.913;32326.636;755.709;1357.388;629.974;344.425;908.134;249.951;3904.897;448.777;620.894;7717.667;673.84;10814.348;7183.788;265.369;231.447;2133.607;433.211;1037.779;210.732;771.409;887.919;734.57;8882.455;3709.299;330.874;18587.334;8100.148;340.851;488.301;1254.538;212.557;3559.653;4816.459;3535.353;2057.729;3710.823;1980.716;1075.272;7506.098;4258.75;1528.379;821.151;1682.328;1618.217;1574.944
2010-07-30 ;3862.239;3409.631;3965.549;8077.79;8190.63;5916.851;93.097;5391.622;1965.149;848.345;15960.469;1594.492;191.621;725.37;5476.071;4710.04;568.452;34204.209;857.148;1443.199;634.549;340.898;1051.872;244.232;4044.011;482.717;655.47;8168.657;713.003;12004.676;8463.531;284.633;252.498;2304.227;445.544;1242.326;233.742;785.735;989.253;827.036;9587.557;4528.796;379.327;20759.69;8489.78;373.503;518.169;1455.043;224.843;3808.436;5400.988;3934.522;2318.825;3990.356;2216.841;1195.482;7521.656;4616.98;1625.52;895.588;1876.943;1660.881;1686.607
2010-08-31 ;4049.26;3255.557;3844.4;7773.874;7928.139;6346.797;90.535;5288.658;2143.935;808.095;15199.048;1620.776;162.071;696.172;5144.943;4430.814;515.385;34565.398;824.682;1403.883;625.42;349.838;973.538;234.754;3951.722;470.258;697.869;7757.266;675.561;11122.24;8033.282;275.183;235.809;2400.756;470.652;1199.143;229.456;803.381;951.191;803.282;9518.653;4282.405;392.114;19556.434;8701.422;368.852;566.835;1434.278;220.714;3639.268;5294.325;3885.598;2290.334;3943.862;2083.392;1126.756;7439.031;4638.613;1639.447;891.594;1826.988;1613.334;1615.282
2010-09-30 ;4713.796;3705.106;4371.686;8753.084;8768.671;6999.969;98.772;5702.259;2296.646;875.496;17028.002;1674.01;173.121;818.037;5890.153;5018.006;517.088;39405.262;960.002;1600.509;727.244;384.301;1089.373;243.858;4134.97;526.012;737.948;8603.326;729.92;12583.327;9297.129;301.486;234.979;2664.496;561.311;1407.345;254.039;850.975;1007.049;921.073;10289.523;4735.937;512.17;23179.523;9178.293;408.579;647.169;1654.371;248.544;3970.138;5769.21;4403.773;2500.417;4310.84;2386.187;1294.31;8547.77;5318.637;1771.326;996.529;2017.516;1695.466;1780.795
2010-10-29 ;5469.683;3961.318;4497.088;9123.864;8896.439;7102.933;102.617;5882.808;2432.178;877.103;17607.854;1662.35;176.689;851.538;6189.739;5409.814;559.066;40275.422;1007.304;1647.045;739.056;382.787;1159.297;249.33;4219.316;534.038;757.501;9309.895;756.16;12799.065;9649.225;322.667;248.315;3105.883;570.544;1474.296;277.426;866.482;1056.721;936.918;10632.656;4961.457;484.614;23291.034;9387.579;419.761;659.241;1746.35;262.87;4126.484;5996.792;4519.137;2591.406;4491.586;2522.181;1388.274;8646.254;5398.34;1828.219;1026.525;2089.59;1718.718;1849.371
2010-11-30 ;5646.099;3557.221;4341.481;7997.302;8472.33;7178.056;100.176;5945.569;2112.793;781.539;16488.992;1648.128;162.242;773.15;5518.628;5134.99;472.468;41032.206;805.637;1534.319;690.789;376.213;978.699;247.014;4308.06;534.27;735.992;9491.7;710.389;11563.536;8832.319;318.272;261.481;3001.456;495.601;1332.941;237.896;900.987;1055.993;907.503;10457.852;3955.092;482.232;22646.251;9048.902;426.373;661.733;1571.863;247.686;4131.084;5702.253;4388.004;2482.073;4528.164;2279.948;1324.58;7884.828;5247.824;1806.545;1032.16;1974.351;1756.145;1868.347
2010-12-31 ;5954.383;4139.292;4801.755;8441.147;9079.946;7409.698;99.46;6405.832;2177.121;845.203;18230.718;1756.348;184.294;866.116;6001.033;5494.48;464.64;41298.014;869.83;1590.157;743.324;402.615;1064.749;248.764;4636.532;593.45;778.216;10038.855;759.164;12821.094;10398.72;336.272;286.796;3120.987;541.441;1470.848;252.467;959.128;1173.19;1042.051;10987.353;4337.338;483.897;24901.827;9867.678;479.525;685.211;1524.152;247.35;4407.359;6118.445;4855.039;2608.49;4913.309;2496.281;1435.754;8335.938;5784.918;1984.006;1151.469;2139.558;1902.282;1995.548
2011-01-31 ;5884.742;4268.951;4692.206;8603.987;8701.314;6738.32;98.943;6434.461;2131.658;921.613;18596.387;1390.108;188.681;904.985;6417.68;5735.089;547.098;41998.618;970.264;1432.299;646.247;391.389;1183.234;245.596;4642.432;609.143;785.043;9753.606;786.366;13380.825;10206.928;339.703;294.247;2745.037;484.966;1492.289;266.893;969.806;1220.373;914.753;10964.965;4933.829;482.079;25784.132;9836.357;494.866;624.786;1373.719;228.296;4513.031;6239.193;4712.059;2461.552;4942.137;2635.503;1469.461;7199.824;5893.066;1989.207;1178.007;2179.039;1902.188;2040.705
2011-02-28 ;5409.678;4335.711;4908.59;8834.863;8961.495;6559.918;97.159;6904.17;2081.002;909.16;19523.313;1382.635;201.243;847.588;6641.868;5935.453;540.039;40610.241;1010.471;1518.373;634.844;382.107;1216.388;230.394;4854.246;571.465;770.427;9836.755;821.174;13904.231;10987.606;336.739;269.905;2791.997;478.654;1501.383;273.742;902.698;1297.243;973.445;10415.557;4976.232;489.225;25707.476;10204.618;451.433;660.94;1341.068;208.846;4664.337;6508.574;4916.797;2494.21;5239.762;2748.838;1525.721;6970.895;5420.051;2054.684;1066.751;2281.605;1976.032;2117.425
2011-03-31 ;5239.603;4388.263;5017.227;8910.555;9320.331;6827.695;102.329;6905.507;2182.237;983.174;19992.412;1348.32;201.475;884.747;6635.67;5910.61;535.052;41128.682;1045.47;1665.064;705.348;392.778;1211.332;227.757;4411.504;638.309;811.313;10099.129;800.743;14171.809;11107.3;351.181;293.057;2697.433;526.544;1572.512;274.447;971.427;1364.359;1022.633;10918.569;4935.854;473.358;26275.972;10055.789;459.15;713.767;1444.672;234.432;4669.889;6350.08;4968.531;2662.502;5268.027;2769.503;1519.284;7769.578;6098.852;2054.353;1080.401;2204.793;1832.973;2140.585
2011-04-29 ;5157.98;4506.314;5306.796;10017.706;9259.936;7466.671;103.991;6989.742;2282.785;1096.991;20632.561;1256.938;223.425;950.556;7165.842;6581.84;511.062;42151.521;1169.359;1748.535;697.986;381.252;1313.884;233.061;4427.617;680.322;826.893;10277.475;795;14678.61;11870.161;380.225;302.251;2559.864;557.07;1737.533;285.835;1009.887;1370.494;1076.26;11536.344;5331.549;471.491;28823.223;11044.438;489.63;762.218;1596.569;256.828;4812.786;6799.623;5150.707;2735.267;5368.824;2981.651;1669.465;7839.324;6458.598;2221.851;1147.619;2375.625;1839.043;2210.771
2011-05-31 ;5218.401;4367.089;5040.612;9582.873;8972.195;7421.983;104.369;6778.772;2336.102;1032.962;19654.693;1391.704;209.371;864.645;6936.63;6200.079;453.255;42387.002;1085.513;1762.597;668.49;390.228;1224.129;230.255;4355.607;656.814;824.13;9946.623;820.598;13975.485;11401.916;400.463;299.374;2594.256;535.22;1681.192;284.776;991.855;1285.344;1020.286;11317.503;5052.301;471.05;27948.344;11278.251;487.453;730.718;1398.911;247.89;4760.617;6651.9;4955.387;2718.146;5274.363;2903.684;1606.142;7503.52;6192.734;2206.905;1157.235;2343.947;1810.903;2202.554
2011-06-30 ;5470.506;4479.204;4988.903;9184.355;8944.239;7431.253;100.543;6589.677;2310.954;1045.497;18707.408;1332.848;216.746;824.339;6983.976;6323.503;448.113;40735.618;1063.679;1797.517;680.308;372.789;1189.266;221.345;4419.567;644.136;840.093;10043.981;791.413;13573.856;10990.455;391.116;297.827;2288.619;543.759;1637.811;278.667;990.79;1291.313;1002.449;11140.877;5038.755;432.226;26481.587;10787.455;467.052;700.329;1388.898;239.742;4679.897;6460.386;4855.316;2673.181;5093.461;2906.177;1618.759;7521.676;6281.547;2100.702;1111.865;2255.249;1853.067;2157.941
2011-07-29 ;5275.725;4189.109;4879.256;8798.025;8559.456;7031.888;99.716;6450.865;2244.589;1021.741;18052.518;1248.377;200.97;741.278;6422.742;6077.49;415.996;41559.198;985.7;1929.078;664.725;364.944;1079.201;227.177;4576.233;655.627;838.447;9965.142;760.143;12988.98;10915.795;413.679;293.897;2481.132;580.267;1591.721;264.263;992.453;1317.568;995.366;11672.273;4675.283;427.32;25211.441;10759.79;472.04;781.352;1329.281;236.371;4588.744;6464.751;4840.148;2524.066;5061.41;2689.334;1545.156;7441.5;6478.383;2074.258;1127.06;2232.551;1921.046;2088.884
2011-08-31 ;4649.864;3594.191;4665.053;8255.928;8006.926;6721.423;90.424;6223.584;2249.072;958.865;15627.797;1167.354;188.065;712.51;5733.094;4948.345;300.024;39024.208;819.126;1776.703;582.619;319.487;920.546;222.151;4204.379;567.796;774.077;9533.46;784.606;11749.825;10135.336;398.138;263.881;2640.892;557.758;1391.616;247.537;987.442;1140.816;982.347;10572.403;4274.398;437.621;22400.506;10047.081;429.452;723.813;1132.732;229.413;4334.932;5992.636;4591.965;2424.072;4809.727;2393.957;1305.13;6502.875;5655.328;1895.251;998.195;2083.548;1803.074;1956.776
2011-09-30 ;3734.642;2792.989;3983.987;7433.85;6535.527;5481.399;75.219;5348.256;2022.731;818.714;14190.522;1056.825;172.108;609.142;4903.613;4363.471;239.264;32628.614;591.156;1600.494;544.651;278.224;820.227;211.207;4137.917;494.389;697.475;8061.868;718.787;10617.626;8621.175;365.625;280.935;2181.145;506.384;1103.68;217.359;996.856;891.536;834.077;9112.685;3926.247;423.707;19425.663;8902.479;384.355;599.934;1172.553;217.314;4023.147;5466.267;3905.455;1929.778;4090.169;1997.757;1124.677;6023.273;4613.195;1632.464;879.489;1882.006;1797.782;1777.041
2011-10-31 ;3801.882;2976.641;4661.796;7836.573;7803.939;6478.612;86.624;5908.688;2158.108;875.181;15250.073;1157.616;194.153;696.468;5534.418;5066.173;229.312;36721.795;667.081;1736.319;591.289;314.749;931.541;214.12;4127.734;568.931;784.24;9181.766;728.506;12002.482;10132.78;372.058;290.053;2514.018;557.007;1252.853;225.526;1014.143;1062.207;909.245;10076.353;4273.986;396.641;22507.982;9652.033;410.679;674.553;1144.217;219.985;4465.154;6125.252;4562.988;2286.47;4552.359;2226.296;1293.181;6461.398;5290.773;1831.043;930.267;2087.958;1772.056;2006.75
2011-11-30 ;3783.958;2660.565;4349.964;7637.464;7260.976;5897.101;79.347;5751.249;1999.099;806.127;15705.032;1037.625;196.92;651.563;5205.893;4853.421;181.039;34015.907;643.093;1638.217;496.886;292.123;867.241;201.255;3945.686;532.791;749.068;9008.233;686.487;11315.195;9651.961;346.202;276.742;2499.669;522.881;1131.69;205.842;1017.383;1059.123;911.615;9260.704;3929.445;349.171;21348.731;9114.624;371.837;653.17;1084.94;211.957;4452.91;5959.914;4265.203;2050.218;4419.234;2048.721;1239.824;5367.598;4872.25;1712.427;818.579;2005.417;1696.095;1996.057
2011-12-30 ;3635.622;2650.311;4283.507;7600.03;7119.723;5928.029;81.316;5627.019;2067.744;802.787;15367.633;933.351;210.643;597.634;5041.046;4535.545;173.453;34681.099;577.165;1693.493;467.064;291.509;827.861;212.197;3978.698;523.639;779.134;8822.719;647.148;11318.951;9448.513;357.617;256.686;2453.924;541.994;1036.703;197.065;1038.032;946.71;892.376;9019.728;3853.255;350.677;21139.859;9270.919;382.899;668.74;988.256;203.725;4495.07;5964.3;4162.324;2050.218;4306.43;1954.018;1160.149;4892.742;4736.898;1688.208;844.458;1971.803;1719.849;1992.58
2012-01-31 ;4116.317;2923.183;4661.378;7899.339;8202.293;6370.531;90.119;5963.589;2261.485;835.162;16044.85;1203.356;208.921;640.924;5318.66;5020.185;216.263;37961.753;705.225;1759.149;565.039;318.169;880.539;197.647;4158.578;578.9;813.702;9477.525;673.751;11677.343;9775.684;382.218;284.731;2706.326;597.973;1193.329;190.13;1013.07;1086.93;962.212;10327.806;3905.074;346.968;22365.774;9507.227;417.34;724.04;1171.965;214.923;4706.759;6174.878;4537.707;2050.218;4533.949;2115.615;1307.55;6232.461;5299.887;1780.617;945.886;2080.462;1784.521;2115.113
2012-02-29 ;3398.037;3174.412;4803.932;8625.072;8649.928;6948.707;95.992;6177.206;2429.991;888.524;18349.729;1382.545;221.453;693.256;5697.298;5441.888;198.953;41225.238;750.591;1735.607;592.267;311.032;924.749;198.559;4368.571;607.709;848.749;9763.772;692.249;12194.025;11289.051;395.502;304.001;2683.593;629.013;1245.595;201.385;1050.197;1191.365;1030.502;10823.653;3975.016;329.771;24765.273;10021.061;448.36;812.841;1254.78;244.395;4914.136;6497.274;4793.945;2050.218;4712.461;2314.18;1395.676;6611.195;5534.813;1874.366;1026.612;2225.503;1844.788;2205.642
2012-03-30 ;3407.081;3086.684;4669.334;9044.849;8102.933;6988.086;89.381;5996.437;2441.58;877.293;18167.982;1316.486;231.289;700.258;5660.478;5490.458;196.929;39337.922;708.482;1762.283;560.713;316.893;901.517;221.664;4430.212;604.571;845.736;10197.689;673.266;12307.997;10870.872;417.784;314.955;2758.966;659.025;1218.338;200.291;1078.782;1122.878;992.692;10759.291;3735.657;338.191;24269.623;10252.335;438.349;810.159;1255.889;238.719;5071.5;6419.802;4672.438;2050.218;4544.82;2347.264;1412.259;6274.754;5385.223;1909.879;977.388;2241.31;1879.262;2255.788
2012-04-30 ;2394.194;2963.47;4759.95;8908.715;7604.055;6891.466;92.557;6029.206;2643.629;836.622;18754.911;1317.171;226.927;648.28;5326.625;5336.046;184.246;39656.567;712.384;1752.612;534.178;321.201;825.519;226.219;4288.745;605.434;839.154;10144.158;617.92;11818.647;10634.308;420.303;314.975;2813.086;677.45;1182.362;191.848;1079.182;1091.987;1000.02;10856.564;3278.387;340.192;23908.461;10160.988;420.04;839.341;1223.289;243.677;5040.928;6502.209;4719.949;2050.218;4594.902;2200.199;1382.767;5930.012;5118.102;1877.053;925.766;2250.278;1825.099;2241.893
2012-05-31 ;2028.786;2428.037;4144.731;8174.473;6508.665;6035.962;82.849;5384.137;2444.797;722.026;16520.737;1251.583;205.657;539.166;4754.344;4622.301;128.496;35801.085;559.844;1555.455;472.234;282.595;694.672;206.636;3905.998;536.695;804.284;8944.49;593.537;10597.261;9083.78;381.449;296.187;2628.131;649.962;981.5;157.735;1058.578;884.306;891.713;9748.654;2720.729;311.667;20574.318;9097.232;398.935;742.585;1080.183;226.768;4731.22;5756.929;4142.77;2050.218;4085.503;1924.891;1192.919;5165.512;4696.512;1650.255;887.705;2000.33;1656.217;2085.22
2012-06-29 ;1954.531;2635.114;4434.882;9134.765;6582.998;6379.183;84.681;5542.459;2439.369;777.079;17618.235;1254.921;220.769;556.222;5197.931;4846.039;142.75;37412.413;656.67;1639.551;507.249;273.704;798.19;203.236;4107.103;552.427;815.01;10085.343;585.162;11472.724;9848.2;384.504;295.267;2668.345;686.221;1155.407;165.543;1024.507;965.52;937.332;10352.914;3292.968;305.873;22446.805;9671.036;396.849;766.181;1272.154;227.139;4918.302;6165.557;4318.246;2050.218;4218.617;2106.113;1254.103;5579.5;4906.105;1752.715;889.304;2123.573;1744.238;2152.937
2012-07-31 ;1929.881;2619.164;4765.156;9207.01;6678.243;6360.936;85.896;5666.178;2485.404;758.673;18568.269;1296.681;207.186;560.332;5200.671;4968.237;139.915;38723.76;652.769;1736.292;505.102;285.127;754.729;200.275;4009.035;572.427;840.289;10314.925;577.546;11875.994;10214.096;412.13;313.298;2567.199;700.328;1142.403;160.733;1038.993;992.763;965.896;11165.383;3068.932;307.509;23879.492;9883.185;401.912;785.851;1321.901;241.312;4984.978;6237.719;4552.93;2050.218;4337.313;2078.472;1277.03;5554.129;4934.332;1778.566;894.149;2157.73;1694.649;2159.783
2012-08-31 ;1930.027;2661.568;4775.354;9760.103;6708.574;6273.04;83.204;5909.868;2420.877;873.331;19193.307;1410.511;206.679;592.551;5505.526;5226.642;155.464;39020.679;663.281;1674.379;510.793;279.064;837.301;218.627;3980.037;567.514;845.567;10082.064;602.092;12382.337;10915.03;413.683;328.142;2565.382;683.645;1205;176.433;1055.222;1001.607;958.373;11118.698;3473.648;325.451;23901.394;10107.262;413.82;790.254;1376.642;241.166;5101.984;6448.75;4522.25;2050.218;4510.887;2192.52;1326.079;5470.473;5082.117;1828.909;915.367;2248.664;1679.347;2222.724
2012-09-28 ;1970.809;2826.068;4901.245;10061.425;6896.931;6458.664;88.684;6131.751;2495.396;858.01;19615.112;1538.865;217.464;615.285;5580.796;5521.383;143.21;42102.622;719.485;1762.249;585.512;291.294;859.138;207.898;4075.554;606.968;858.471;10767.319;565.721;12531.651;11190.769;445.312;326.862;2744.891;716.943;1307.841;187.181;1052.041;1056.26;999.407;11450.551;3672.058;382.246;24835.111;10423.563;443.654;852.41;1375.936;249.519;5232.081;6600.807;4632.504;2050.218;4715.699;2264.064;1383.168;6485.117;5403.445;1897.79;978.173;2340.554;1722.097;2271.89
2012-10-31 ;1825.103;3017.951;5030.961;10000.566;6834.359;6355.857;93.751;6112.338;2645.124;855.523;19449.462;1488.334;216.064;632.75;5731.089;5613.171;167.158;42721.869;760.299;1812.646;563.296;293.776;888.088;209.025;3999.211;589.397;879.842;10745.36;572.897;12944.234;11064.33;451.155;324.668;2746.739;737.057;1277.199;193.51;1045.409;1020.353;973.737;11278.228;3785.736;343.538;24247.546;10697.346;416.537;837.739;1519.646;258.77;5137.66;6642.806;4773.293;2050.218;4696.23;2300.389;1422.149;6179.543;5249.57;1949.378;883.216;2361.99;1695.627;2253.851
2012-11-30 ;1925.84;3182.879;5088.311;10484.375;6630.517;6154.55;95.504;6085.954;2606.468;793.407;19777.301;1268.951;211.581;666.862;5973.93;5759.65;178.912;44094.588;731.269;1751.709;588.457;298.526;906.696;208.687;4094.192;604.991;855.673;10937.162;594.189;13352.832;11134.335;457.47;333.372;2782.483;777.735;1347.033;188.735;1025.198;1020.099;965.374;11470.689;3856.317;344.491;25018.835;11118.724;446.488;850.549;1523.642;259.187;5171.124;6737.711;4817.035;2050.218;4661.02;2404.185;1458.552;6535.543;5293.367;2010.526;942.416;2409.762;1720.539;2285.87
2012-12-31 ;2288.544;3366.36;5238.898;10695.101;7143.756;6422.166;100.102;6183.942;2809.922;830.707;20268.931;1372.953;223.902;696.218;6191.259;5991.387;183.398;44486.965;708.71;1781.819;588.35;280.121;939.303;210.834;4311.472;636.099;890.284;11386.226;572.875;13719.696;11309.549;466.262;342.684;2950.587;799.76;1461.402;206.871;1016.776;1082.914;1061.995;11814.69;4035.579;369.703;26088.252;11261.64;450.513;902.405;1629.32;259.498;5220.28;6876.91;4953.262;2050.218;4741.676;2494.058;1510.104;6694.766;5552.238;2046.507;963.204;2478.05;1803.367;2338.696
2013-01-31 ;2670.81;3512.707;5527.471;11025.837;7351.038;6907.715;104.23;6299.33;2865.843;780.589;22561.571;1343.839;233.933;744.06;6537.405;6318.302;208.952;47086.776;787.575;1821.801;617.828;281.714;1023.075;219.787;4469.781;612.542;847.922;12013.297;579.69;14820.781;12059.611;512.881;348.26;2917.039;861.823;1416.339;228.661;1072.403;1150.981;1002.967;11985.833;4314.121;388.14;28198.583;12234.31;451.592;955.14;1656.705;308.207;5496.521;7143.172;5255.93;2050.218;4802.043;2655.193;1605.23;6962.137;5399.777;2200.328;967.563;2542.872;1845.214;2496.679
2013-02-28 ;2115.079;3437.174;5744.788;11369.143;7168.351;6844.938;100.131;6211.805;2712.266;749.268;21871.921;1308.302;242.298;731.724;6316.556;6070.682;215.962;46793.736;737.94;2005.629;572.531;288.377;894.258;218.589;4589.065;643.184;861.402;11648.834;561.191;13847.035;11569.791;504.811;371.591;2733.219;936.943;1363.48;209.426;1067.808;1086.483;982.575;12003.152;4061.064;390.246;28551.888;12358.255;453.374;977.746;1630.42;321.507;5567.152;6965.409;5446.293;2050.218;4720.297;2622.38;1572.242;6236.145;5585.266;2239.891;970.267;2507.117;1908.421;2527.451
2013-03-29 ;2350.853;3212.023;5715.347;11645.619;7088.484;6713.474;95.558;6249.642;2625.726;713.265;21152.072;1224.18;252.788;717.286;6229.144;6007.33;209.114;46040.941;661.672;2021.308;573.333;300.037;847.503;215.629;4816.015;615.659;882.331;12078.865;555.97;14053.5;11360.808;517.037;357.342;2875.62;951.419;1293.035;206.195;1097.963;1048.551;967.974;12171.507;3819.814;412.887;28643.936;12576.43;449.578;993.723;1762.292;326.337;5776.561;7048.242;5431.969;2050.218;4806.543;2562.059;1543.854;6139.727;5327.754;2246.485;972.28;2514.832;2025.056;2638.306
2013-04-30 ;2466.301;3417.934;5982.278;11852.602;7221.436;6502.885;96.644;6162.062;2527.625;717.031;22016.059;1220.517;249.685;762.853;6606.377;6262.441;209.303;47235.454;719.407;2062.629;597.309;295.353;948.852;212.218;5238.533;600.909;923.82;11833.181;577.356;14575.924;11787.658;550.134;373.89;2534.168;975.875;1305.69;228.65;1124.247;1026.554;965.819;12589.325;4222.305;422.007;29348.347;13158.067;467.723;1026.17;1799.942;363.177;5890.806;7265.402;5549.832;2050.218;4726.996;2695.515;1595.535;6604.086;5168.004;2335.706;1003.853;2587.967;2197.539;2681.959
2013-05-31 ;2379.46;3386.546;5258.606;11715.627;6708.94;6011.593;95.824;6132.648;2348.822;699.147;21146.946;1269.09;248.702;759.713;6763.658;6477.054;192.879;46421.575;753.191;1982.269;579.713;291.904;964.891;207.372;4942.007;603.732;951.855;11131.61;555.886;15029.204;11762.629;479.156;437.887;2326.479;948.403;1349.376;218.123;1184.409;1005.043;914.143;11963.469;4101.75;474.225;29097.352;12826.741;467.35;957.865;1731.328;388.74;6014.938;7275.003;4999.613;2050.218;4707.781;2772.341;1640.871;6264.473;5183.121;2310.138;1012.355;2614.442;2069.415;2739.451
2013-06-28 ;2300.59;3124.984;4921.693;11211.655;5869.047;5737.226;89.31;5794.979;2277.901;667.058;20346.904;1105.09;243.691;727.362;6444.531;6212.16;190.272;43916.454;748.874;1889.54;541.206;287.555;859.224;195.142;5028.74;554.37;937.429;10728.269;540.307;14488.782;10798.478;463.362;409.208;2086.306;869.32;1236.199;207.005;1191.82;961.979;896.972;11401.064;3804.702;417.298;27133.763;12581.374;456.762;909.527;1494.466;368.648;5934.743;6896.873;4599.152;2050.218;4432.457;2641.568;1588.516;5725.531;4825.004;2267.5;971.588;2483.367;2101.004;2709.566
2013-07-31 ;2513.979;3368.168;5060.79;12109.557;5779.914;5213.019;92.942;6131.38;2408.484;686.419;22043.067;1238.481;261.55;772.392;7032.069;6616.05;212.262;45740.841;725.486;1764.103;526.174;291.136;947.868;188.862;5059.075;574.849;912.328;10932.822;525.654;15917.577;11704.825;476.975;446.3;1960.892;891.616;1348.469;216.449;1254.005;994.719;918.85;11824.746;4294.402;426.078;30129.354;13065.838;462.289;882.578;1420.029;413.71;6246.996;7351.318;4602.023;2050.218;4693.402;2904.127;1681.264;5386.676;5178.59;2398.877;1004.401;2687.185;2114.715;2868.217
2013-08-30 ;2823.699;3503.679;5140.147;11928.087;5659.611;5119.466;95.197;6076.032;2411.921;701.335;22160.721;1162.319;272.896;786.745;6875.041;6444.488;222.557;45158.617;681.47;1493.917;469.626;283.468;956.073;180.546;4950.326;596.645;875.384;10214.656;503.84;15735.666;11500.162;468.989;424.085;1975.058;787.31;1381.475;218.738;1241.914;992.183;907.06;11179.088;4186.805;373.004;29240.85;12894.613;461.175;783.86;1235.568;395.114;6074.659;7320.357;4696.762;2050.218;4624.684;2865.141;1655.38;4800.012;5174.801;2362.042;1006.565;2674.679;2070.271;2795.272
2013-09-30 ;3182.557;3722.244;5511.716;12740.52;6363.802;5419.396;100.248;6318.274;2492.339;755.548;23141.132;1244.268;284.993;920.758;7445.045;7003.022;254.261;47821.676;712.371;1437.464;512.788;294.789;1029.344;177.128;5366.374;637.047;909.287;10545.4;546.421;16641.934;11789.414;544.986;411.632;2010.027;824.575;1457.592;229.34;1236.884;1093.658;976.905;11932.196;4786.353;378.3;31258.317;13775.972;474.001;862.983;1393.834;414.688;6275.865;7728.187;5088.023;2050.218;4783.016;3104.939;1790.065;5397.992;5681.855;2518.428;1040.835;2841.206;2250.303;2912.792
2013-10-31 ;3432.395;3862.474;5818.516;13358.627;6751.605;5463.395;102.766;6529.593;2499.068;847.848;23525.133;1366.18;305.69;981.062;7746.739;7403.06;295.803;48811.846;717.162;1572.677;566.933;295.573;1152.495;192.117;5366.412;665.497;961.834;10971.966;604.286;17436.118;12618.127;554.896;434.927;2165.576;889.916;1562.364;230.678;1257.341;1138.637;1027.712;12359.247;5227.969;398.023;31309.718;14128.499;495.104;918.434;1468.363;426.44;6554.499;7998.861;5279.191;2050.218;4902.762;3226.515;1898.283;5993.207;5803.594;2608.809;1071.313;2950.495;2250.277;3025.383
2013-11-29 ;4136.136;3959.059;5562.534;13278.926;6303.165;5121.844;107.761;6473.37;2266.279;795.599;24632.08;1363.066;319.617;1015.895;7770.437;7717.892;286.553;49352.966;673.755;1381.059;547.698;314.26;1131.487;197.606;5446.443;673.805;944.957;11275.836;562.007;17686.166;12290.306;525.198;441.949;1968.448;838.277;1587.105;238.34;1328.696;1080.329;988.888;12174.633;5218.248;380.369;31653.99;14215.82;487.565;837.558;1410.66;421.494;6741.446;8080.289;5002.957;2050.218;4829.617;3234.036;1973.041;5893.594;5797.047;2629.451;1051.89;2945.256;2267.849;3085.768
2013-12-31 ;3803.14;3846.481;5466.261;13775.507;6015.436;5047.48;104.065;6581.97;2215.936;763.418;25523.122;1485.301;317.29;1030.325;7903.561;7932.854;279.959;49422.377;667.48;1370.242;565.805;313.474;1139.625;199.209;5490.527;662.713;958.625;11410.491;557.63;18082.701;12484.715;523.096;464.582;2070.132;783.689;1514.36;232.269;1321.652;1097.541;1000.567;12018.269;5338.949;409.067;32878.186;14365.104;494.546;772.971;1197.259;493.097;6922.497;8301.306;4925.91;2050.218;4896.547;3291.086;2020.998;6103.676;5829.07;2695.117;1066.744;3048.402;2276.746;3179.824
2014-01-31 ;2895.941;3751.046;5169.844;12941.688;5379.255;4422.464;97.094;6314.128;1938.673;741.025;26367.97;1574.682;326.756;951.79;7513.38;7546.498;279.497;46652.846;638.348;1428.563;544.323;326.022;1145.6;228.73;5278.733;626.51;905.095;10667.528;552.389;17039.027;11681.957;531.429;470.391;2076.187;785.537;1426.935;226.403;1413.194;986.299;899.993;11231.741;5233.539;433.714;31575.842;14083.788;478.253;757.112;1038.4;538.632;6687.485;7944.727;4730.715;2050.218;4790.859;3147.94;1937.579;5644.371;5614.746;2642.974;1029.958;2958.052;2219.792;3091.209
2014-02-28 ;3458.261;3849.721;5571.06;14127.346;5574.158;4793.958;99.643;6596.228;2013.156;804.746;30294.293;1662.467;389.554;1054.73;8149.171;8052.315;327.206;48846.805;600.189;1574.603;562.979;349.925;1227.265;216.096;5250.681;648.351;941.758;10274.244;587.175;18073.536;12563.13;571.413;458.188;2121.178;862.786;1598.247;250.623;1518.663;962.615;983.152;11612.471;5466.672;395.406;33852.432;15078.514;486.413;791.026;1074.124;579.936;7001.931;8503.006;5136.863;2050.218;5005.793;3428.655;2081.604;5842.023;5731.141;2820.73;1049.548;3177.015;2214.475;3265.528
2014-03-31 ;4026.248;3740.996;5792.216;14105.593;6187.771;4937.329;97.962;6697.44;2329.491;821.253;29730.568;1621.836;362.435;1032.981;8137.36;7911.951;330.686;47760.895;609.34;1661.206;611.99;372.116;1305.899;222.176;5190.163;649.677;954.663;10843.614;589.063;18278.763;12757.101;610.205;497.913;2160.512;864.556;1566.484;254.855;1519.672;938.966;1049.277;11910.68;5595.268;410.213;33863.687;15102.104;499.999;830.84;1254.956;615.939;7050.019;8233.285;5288.086;2050.218;5047.445;3457.344;2040.656;6724.957;5774.039;2837.848;1061.109;3064.521;2195.07;3278.608
2014-04-30 ;4112.581;3757.964;5900.518;14428.657;6429.449;5013.566;95.729;6895.885;2396.922;843.5;29931.103;1751.017;365.563;1062.835;8377.334;7992.44;299.924;49007.437;606.6;1683.889;605.221;365.083;1327.017;225.999;5056.248;660.586;966.21;10877.224;590.801;18004.344;13387.995;636.814;529.681;2311.046;900.426;1560.244;258.376;1652.886;878.774;1046.772;12383.179;5761.625;432.212;34093.318;15376.244;505.941;865.974;1349.262;692.504;7092.383;8606.558;5384.207;2050.218;5188.484;3547.553;2031.48;6652.773;5885.301;2906.876;1069.093;3167.555;2154.24;3280.737
2014-05-30 ;4272.624;3744.715;5965.463;14687.625;6317.362;5119.081;100.241;6952.386;2397.161;827.651;29588.303;1681.903;351.473;1090.549;8446.958;8142.406;297.478;51347.135;683.487;1690.724;663.173;368.81;1316.212;234.636;5261.521;685.492;980.546;11212.512;597.208;18225.195;14108.569;596.887;539.017;2308.566;919.468;1562.319;256.566;1837.96;986.204;1066.383;12617.61;5906.143;429.076;34395.475;15554.068;525.87;838.295;1483.351;766.746;7261.646;8677.097;5485.773;2050.218;5195.086;3588.144;2074.406;7778.043;5972.082;2912.118;1114.684;3206.414;2244.649;3357.039
2014-06-30 ;4778.598;3733.225;5957.184;14891.945;6661.597;5069.214;103.545;7371.817;2512.859;836.664;30707.36;1639.475;329.967;1091.154;8332.279;8090.115;295.173;51704.647;637.212;1673.753;689.509;381.079;1309.386;220.312;5537.404;691.183;988.156;11558.458;580.871;18399.929;14137.536;604.156;540.964;2343.837;944.257;1553.581;250.145;1437.607;1040.772;1097.829;12591.054;6007.292;423.108;33776.281;15469.038;551.808;895.385;1447.772;582.125;7417.225;8732.42;5497.34;2024.52;5534.488;3518.644;2056.564;8104.164;6159.473;2928.845;1152.034;3208.164;2366.463;3452.002
2014-07-31 ;5080.01;3307.826;6127.652;14288.358;6786.841;4823.24;111.995;7369.966;2515.735;813.719;29969.164;1828.4;318.137;1083.702;7830.964;7569.166;270.581;54871.106;565.826;1810.708;697.868;384.709;1239.085;218.143;5569.507;703.715;988.997;11719.693;587.529;17423.688;13603.589;594.078;553.601;2328.635;951.903;1463.599;210.567;1615.771;952.938;1107.729;13119.538;5819.238;450.366;32702.878;14853.57;553.919;910.521;1504.744;680.432;7312.88;8622.08;5661.496;1991.856;5471.102;3319.56;1924.263;7975.953;6322.383;2819.824;1166.444;3130.086;2385.663;3370.853
2014-08-29 ;4413.713;3233.77;6191.792;14650.693;7537.731;4801.503;112.247;7537.945;2568.216;850.799;29586.065;1986.145;328.856;1088.105;7918.137;7501.41;270.136;54353.388;564.851;1786.439;715.783;374.602;1211.192;205.29;5448.806;698.285;1001.194;12311.211;586.928;17792.218;13865.445;587.561;503.363;2465.086;978.203;1491.028;207.385;1634.299;938.441;1129.63;12971.208;5741.208;469.672;32632.905;15181.277;575.338;960.602;1453.459;680.076;7606.391;8655.101;5796.691;2187.849;5627.492;3307.624;1908.512;8171.711;6483.559;2873.938;1199.329;3150.451;2345.252;3513.981
2014-09-30 ;4931.867;2930.274;5485.501;14337.99;6089.708;4677.036;105.125;7053.539;2304.643;880.036;29541.476;2101.969;319.625;1059.709;7638.319;7186.816;236.099;50368.63;555.432;1731.418;705.639;382.539;1197.039;199.38;5416.102;640.998;956.8;11799.856;611.894;17546.682;13097.968;551.777;507.862;2306.328;983.553;1520.452;187.891;1691.948;883.937;1026.435;12441.611;5562.164;480.908;31818.326;14789.009;535.19;964.533;1277.386;715.54;7487.563;8204.187;5172.266;1827.506;5195.273;3124.352;1807.33;7959.363;6034.07;2727.158;1111.384;2971.743;2303.847;3411.758
2014-10-31 ;5088.188;2951.903;5775.168;14045.723;6121.461;4646.085;109.656;6855.521;2217.785;789.647;28834.264;1955.247;312.424;1054.71;7303.546;7041.36;201.115;53793.498;539.846;1737.843;733.53;378.224;1127.24;197.84;5345.581;620.777;958.271;11746.06;614.432;17167.739;11812.318;549.222;503.045;2295.547;978.618;1464.579;171.731;1669.901;866.002;1095.1;12300.24;5343.638;492.394;31318.612;14679.287;548.578;959.624;1411.549;638.424;7668.259;8011.825;5419.023;1827.634;4946.414;3037.72;1785.474;8357.188;5667.836;2696.216;1123.768;2944.631;2268.031;3512.766
2014-11-28 ;5027.311;3030.077;5412.093;14891.016;5834.515;4611.876;111.374;6858.506;1924.468;807.856;28949.548;1979.511;335.391;1088.005;7559.426;7489.688;206.455;54162.626;539.973;1750.405;745.271;388.604;1128.706;188.51;5362.192;604.975;912.707;11217.549;588.921;18124.167;10535.43;549.086;510.105;2367.243;990.053;1437.964;161.676;1661.484;772.851;1098.906;12455.361;5504.071;465.771;32141.909;15168.916;556.364;972.291;1516.912;647.454;7871.617;8074.483;5138.918;1753.305;4884.863;3179.347;1893.872;8411.086;5460.484;2761.525;1124.797;2992.462;2271.944;3597.066
2014-12-31 ;4533.266;2716.07;5289.228;14446.492;5188.98;4431.854;112.664;6728.041;1777.15;744.921;27247.48;1921.205;325.611;1038.482;7192.933;7158.714;168.19;51930.079;484.3;1743.089;700.858;387.692;1036.938;194.968;5286.209;591.809;856.408;10356.892;557.286;17505.578;9835.588;566.01;528.056;2287.728;990.611;1308.466;144.648;1541.389;594.21;1057.49;12385.555;5106.834;487.391;30722.484;14460.185;544.263;903.102;1425.565;560.707;7847.602;7857.156;5031.211;1599.08;4797.258;3068.302;1825.991;8033.781;5272.539;2661.996;1126.367;2972.611;2257.113;3603.236
2015-01-30 ;4297.409;2500.873;5195.288;15087.264;4855.853;4259.129;115.214;6171.601;1614.658;695.773;27764.364;2037.877;312.968;1049.855;7245.608;7290.431;119.038;54802.528;451.733;1722.755;756.524;383.269;1037.084;186.717;5409.709;606.183;834.357;9735.243;544.174;17528.354;9955.071;550.883;558.739;2170.79;1059.671;1259.712;143.289;1465.581;589.624;1105.807;12126.96;4779.409;437.199;31388.394;14557.745;549.863;933.871;1414.464;528.899;7626.069;7777.693;4964.297;1472.569;4469.105;3123.299;1863.029;8640.75;5438.367;2635.322;1135.044;2964.737;2331.343;3525.438
2015-02-27 ;5166.672;2910.463;5594.105;15868.846;4995.097;4516.674;118.947;6540.258;1560.328;739.15;30116.567;1938.481;356.061;1094.15;7719.174;7733.638;142.613;54545.51;513.76;1759.954;770.583;383.423;1123.934;188.052;5738.252;609.83;862.848;10459.76;558.127;18699.669;10625.177;574.798;541.839;2241.366;1075.202;1281.558;157.949;1546.214;724.153;1113.172;12125.919;5121.081;433.738;33530.14;15225.913;570.008;940.757;1285.607;574.687;8072.21;8266.271;5374.254;1494.139;4693.539;3317.733;1960.138;8743.953;5629.703;2817.036;1162.474;3160.343;2469.066;3729.349
2015-03-31 ;5665.435;2802.681;5454.873;15307.79;4432.813;4438.133;121.81;6332.418;1437.277;721.707;31792.19;1950.085;338.035;1067.273;7535.384;7757.259;118.881;55046.599;552.175;1785.971;738.675;422.953;1107.818;180.074;5832.981;617.615;842.665;10155.876;534.594;18369.793;10067.079;557.76;478.173;2150.807;1091.425;1269.179;155.158;1491.026;704.816;1092.828;12150.63;5078.792;413.615;32451.251;15203.031;565.751;925.217;1200.875;530.909;7955.684;7782.902;5202.141;1358.068;4498.953;3234.422;1951.504;8393.234;5670.039;2773.213;1161.911;2989.036;2506.229;3706.695
2015-04-30 ;5594.399;3093.399;5518.3;15551.456;5179.283;4663.546;142.124;6776.015;1672.51;776.296;33587.331;1903.36;360.215;1054.262;7927.568;7748.067;130.55;60073.268;666.409;1612.845;690.368;419.054;1153.681;178.347;6039.846;658.643;874.354;10249.822;526.553;19140.821;11251.288;564.831;530.483;2378.558;1061.788;1401.827;171.825;1528.045;826.917;1151.766;13005.886;5256.599;430.701;33187.535;15857.137;591.306;927.096;1223.064;611.848;8028.432;8321.683;5369.379;1548.444;4854.012;3419.959;1965.208;7964.797;6253.563;2904.593;1207.97;3181.457;2581.825;3715.176
2015-05-29 ;5118.579;3008.321;5366.287;15618.788;4571.427;4619.021;136.88;6471.511;1467.955;739.228;33325.082;1888.891;360.842;1058.499;7803.164;7560.541;129.403;59766.999;625.096;1658.04;709.902;420.279;1169.675;204.699;6119.129;621.071;818.801;10290.085;515.78;19325.841;10884.539;526.12;515.909;2221.765;1049.103;1307.772;165.244;1440.926;779.444;1055.973;12308.284;5088.712;405.927;32899.502;16067.81;590.215;891.545;1228.948;570.402;8135.42;8312.629;5348.184;1391.694;4588.035;3383.619;1942.707;8113.219;5963.57;2926.147;1186.752;3216.46;2607.579;3747.539
2015-06-30 ;4897.047;2897.09;5120.36;15550.443;4743.794;4305.846;129.38;6285.098;1487.107;750.484;32547.955;1831.233;366.909;1033.873;7608.709;7363.981;125.237;58109.312;612.751;1539.228;711.989;417.404;1141.443;189.309;6015.089;594.726;776.229;10197.227;514.086;18924.916;10458.235;485.488;530.584;2167.379;1038.514;1260.657;159.397;1479.107;759.119;1086.02;12144.71;4980.651;416.39;31689.667;15409.428;572.694;894.673;1214.968;587.717;7981.335;8016.29;5038.012;1415.714;4427.297;3274.249;1902.85;8024.32;5779.547;2810.581;1121.838;3120.395;2570.93;3667.618
2015-07-31 ;4405.934;2997.067;5109.508;15874.497;4164.727;4078.329;115.47;6058.628;1341.318;775.201;34533.736;1765.02;384.139;1072.923;7986.071;7561.907;124.186;57140.863;642.816;1468.659;724.631;471.743;1188.649;188.87;6043.473;546.959;773.369;9938.851;530.429;19742.165;10145.062;493.505;549.553;1986.566;1024.03;1221.305;159.244;1420.512;719.923;1022.892;11569.504;5167.657;453.632;32070.683;16094.179;532.554;825.988;1145.608;597.653;8140.837;8155.13;5047.094;1248.636;4073.606;3374.84;1967.142;8141.906;5353.16;2908.317;1029.4;3163.755;2603.849;3702.508
2015-08-31 ;4348.872;2763.466;4527.621;14765.303;3576.011;3933.892;101.979;5670.004;1177.446;753.161;32750.952;1557.056;377.401;989.368;7424.914;6994.333;80.5;49796.769;602.067;1343.155;660.99;434.917;1125.408;205.728;5692.458;515.478;655.9;9292.8;511.82;18122.535;8969.078;465.543;503.876;1742.486;951.013;1179.777;147.379;1393.129;679.36;947.066;10230.889;4795.656;430.32;30108.251;15000.554;491.257;778.362;1028.88;544.327;7646.982;7549.688;4546.039;1054.633;3828.301;3146.695;1842.109;7367.93;5090.387;2716.204;939.168;2976.698;2467.246;3496.735
2015-09-30 ;3592.667;2640.357;4337.436;14330.232;3151.541;3721.305;100.045;5406.462;1141.72;700.796;31769.295;1594.265;355.567;976.753;7121.204;6562.031;80.45;48721.32;592.512;1166.914;664.001;394.732;1092.771;188.423;5311.505;524.53;634.705;8982.434;501.012;17259.524;8464.77;453.341;460.914;1701.42;932.852;1128.047;141.172;1381.664;649.901;884.693;9779.781;4431.73;382.852;28786.65;14340.333;478.686;738.05;978.127;526.568;7444.467;7213.587;4393.879;943.329;3581.411;2994.599;1750.806;7353.887;5099.566;2566.74;927.593;2836.628;2327.465;3362.117
2015-10-30 ;5207.328;2835.053;4590.653;15730.097;3315.379;3935.622;109.129;5636.934;1232.955;674.299;31918.197;1545.871;369.066;1071.468;7719.77;7258.976;88.725;52895.917;609.511;1351.22;674.428;423.213;1142.141;183.817;5847.609;583.698;670.585;9625.536;496.434;18653.329;9060.302;521.794;488.488;1797.759;956.347;1115.365;149.926;1383.102;690.542;948.765;10706.789;4748.328;388.237;30203.039;14976.133;505.365;777.398;1098.244;502.465;8058.738;7739.221;4720.977;1017.38;3868.173;3228.266;1899.837;7496.543;5391.754;2753.148;992.313;3018.44;2551.308;3599.789
2015-11-30 ;4692.562;2871.141;4628.806;16510.724;3211.296;3640.322;105.449;5526.458;1031.146;631.969;32915.825;1308.436;379.811;1071.816;7493.114;7259.722;66.355;51241.204;652.68;1341.425;642.22;419.925;1106.058;179.704;5789.541;563.219;679.962;9356.893;487.748;18300.962;8981.022;506.066;448.799;1642.716;921.998;994.348;140.102;1191.051;694.548;884.589;10128.622;4579.028;383.544;30198.602;14493.836;488.359;749.849;1033.914;454.476;8086.848;7563.41;4752.207;1003.273;3758.618;3151.083;1875.45;7191.445;5283.352;2698.044;930.821;2951.035;2541.11;3611.395
2015-12-31 ;4514.366;2821.209;4772.239;16322.121;3051.992;3685.241;104.075;5140.819;1034.366;621.657;33899.342;1469.314;380.479;1070.952;7249.268;7067.516;65.171;51648.734;660.13;1410.458;657.938;430.639;1067.901;190.504;5809.488;554.55;684.629;8882.265;483.825;17805.566;8436.56;535.716;458.989;1563.43;928.681;982.504;147.361;1240.539;623.947;791.71;10196.219;4320.722;379.76;29495.888;14633.224;484.568;692.486;975.752;460.142;7950.974;7266.841;4861.238;955.454;3469.86;3087.688;1856.277;7375.34;5145.371;2733.316;923.811;2829.7;2543.621;3513.481
2016-01-29 ;4677.54;2552.868;4365.285;15909.316;2828.861;3718.547;90.838;5015.176;1010.897;618.423;32364.973;1218.307;351.645;1030.656;6919.705;6441.736;51.36;46844.938;674.357;1433.805;612.66;397.661;923.122;180.931;5331.668;523.526;701.607;8581.871;484.864;17308.235;7985.447;491.687;424.221;1588.886;882.668;913.004;143.58;1116.343;618.691;762.16;9277.92;3984.886;336.776;27165.563;13534.317;462.332;721.018;990.883;419.842;7528.367;6828.775;4514.648;899.119;3367.648;2942.512;1713.498;6659.254;5043.094;2552.854;881.459;2617.813;2363.734;3286.902
2016-02-29 ;5067.711;2522.264;4325.919;14775.058;3006.463;3782.359;88.542;5208.152;1061.373;556.197;31610.24;1283.887;349.105;964.67;6847.82;6276.571;46.169;46783.971;651.578;1521.431;567.316;388.164;875.07;181.907;5185.765;511.354;687.899;8663.441;490.487;17050.563;8128.038;519.385;434.193;1723.595;879.515;952.63;132.977;1204.815;629.834;764.623;9593.507;3841.606;342.304;27511.663;13291.55;481.246;753.398;1025.537;473.043;7512.496;6770.562;4676.504;954.374;3631.405;2895.332;1678.658;6183.305;4829.531;2564.796;916.82;2629.297;2320.31;3315.572
2016-03-31 ;4892.859;2806.604;4874.335;15928.812;3924.372;4173.372;99.08;5731.439;1266.954;653.476;33710.881;1384.168;365.563;1018.329;7264.571;6896.595;57.202;51362.152;774.34;1569.772;641.516;387.302;943.358;179.604;5439.106;583.441;775.308;9637.092;526.786;18406.076;8590.211;600.08;456.9;1985.94;995.741;1118.913;152.13;1287.431;722.293;902.111;10711.877;4148.454;323.938;29541.343;13884.722;521.964;810.461;1187.432;499.621;8027.008;7098.466;5274.957;1212.162;4051.925;3151.071;1831.963;7152.113;5414.906;2724.435;973.715;2785.832;2439.751;3583.806
2016-04-29 ;5086.762;2939.567;5013.699;16191.353;4332.531;4289.616;98.884;6119.819;1344.564;681.983;34473.971;1568.873;364.094;1016.662;7407.088;6983.331;59.012;51846.057;799.984;1553.226;644.568;397.067;970.451;178.452;5692.034;580.846;755.595;9618.508;576.429;18452.207;9266.893;615.045;482.276;2255.167;964.04;1032.323;157.178;1270.599;778.41;940.391;10769.96;4365.965;342.717;30195.038;14319.42;494.24;816.532;1241.055;524.935;8066.671;7344.307;5387.195;1334.239;4420.91;3228.143;1870.281;7329.703;5541.781;2795.233;929.691;2844.624;2556.063;3639.958
2016-05-31 ;5103.152;2752.771;4893.695;16543.49;3741.562;4024.027;98.153;5911.283;1190.415;643.69;35019.57;1481.334;372.83;1015.851;7430.927;6945.14;65.758;51389.569;761.327;1496.652;656.683;378.858;936.56;186.998;5632.769;553.598;699.89;8865.949;556.841;18689.387;9038.44;613.701;496.03;2114.303;1007.78;948.715;152.589;1182.149;734.344;851.984;10300.22;4259.371;338.582;29481.932;14313.718;502.897;818.327;1075.513;482.718;8214.231;7309.668;5271.598;1173.824;4270.16;3181.934;1855.04;7443.766;5199.508;2768.338;937.874;2839.969;2527.741;3696.311
2016-06-30 ;5258.104;2535.566;4900.073;16376.124;4471.233;4278.222;99.361;5938.156;1303.066;629.956;33544.828;1397.29;329.551;1008.143;7007.909;6553.067;49.254;51845.451;738.142;1639.665;665.398;373.25;852.124;182.23;5495.32;576.378;729.354;8968.175;544.094;17525.275;8858.407;635.256;523.538;2347.245;1054.628;925.077;149.185;1224.82;752.542;917.566;10749.917;3839.978;337.522;28178.91;14227.269;527.189;834.118;1096.556;499.929;8235.481;7047.361;5323.688;1403.362;4311.027;2977.697;1754.037;7634.238;5202.27;2692.407;967.245;2619.929;2464.585;3695.229
2016-07-29 ;5245.64;2747.119;5300.082;16634.237;4917.844;4404.599;102.842;6142.21;1227.205;681.885;35008.159;1688.349;342.845;1060.626;7398.806;7040.394;52.402;55390.041;798.297;1734.44;703.163;394.815;888.539;188.635;5851.638;611.577;723.281;8947.045;578.429;18371.691;8816.548;701.94;552.896;2477.822;1076.852;953.327;157.786;1326.308;769.718;998.738;10774.986;4090.251;350.659;29227.153;14577.389;563.674;894.921;1033.338;529.161;8548.023;7242.33;5784.715;1562.026;4476.02;3182.695;1886.043;8244.367;5483.996;2782.507;1036.071;2755.085;2615.128;3862.876
2016-08-31 ;5130.472;2813.848;5162.588;16519.609;4962.173;4223.328;110.422;6164.205;1344.43;612.153;32813.265;1718.238;361.573;1045.347;7361.269;7181.519;52.537;55981.411;820.311;1759.879;711.311;381.208;894.95;178.218;5874.322;631.014;740.073;9072.987;575.653;18923.035;9030.265;716.969;548.877;2369.525;1059.028;970.76;158.151;1379.4;788.992;922.107;10561.554;4143.944;376.878;29682.585;14485.263;575.187;927.722;1047.764;528.505;8560.956;7255.053;5681.082;1567.712;4464.918;3187.219;1911.333;8451.957;5515.953;2809.38;1048.273;2758.769;2599.487;3870.701
2016-09-30 ;5404.316;2963.16;5289.454;17199.104;4979.416;4205.568;113.235;6237.171;1339.023;627.653;31474.801;1698.437;354.271;1082.965;7458.295;7209.747;49.742;58024.171;817.91;1796.114;704.798;366.415;872.029;178.407;5976.507;639.629;718.302;8770.85;590.521;19142.271;9421.773;717.159;557.99;2372.838;999.608;956.47;158.839;1309.791;819.498;976.241;10735.5;4202.944;379.438;30286.008;14605.432;592.294;895.171;1038.874;530.399;8570.215;7328.723;5742.379;1564.097;4513.676;3248.934;1930.283;8381.336;5630.625;2863.287;1070.813;2754.774;2674.606;3878.908
2016-10-31 ;5360.1;3083.949;5177.068;15725.35;5676.986;4536.673;111.043;6185.108;1321.845;655.967;29513.73;1842.774;335.424;1010.501;7411.211;7100.479;51.51;57363.051;870.86;1795.761;701.316;341.216;886.877;179.051;6055.342;616.279;717.198;9207.61;616.088;18698.613;9355.425;676.082;549.214;2346.857;972.038;988.797;156.783;1282.269;824.992;966.609;10302.023;4340.547;371.462;28738.759;13813.14;600.842;874.707;1030.896;507.792;8407.798;6951.38;5544.648;1728.598;4415.945;3197.129;1894.865;8464.32;5314.922;2779.668;1065.525;2557.832;2711.971;3780.793
2016-11-30 ;4875.048;3029.024;5195.728;14914.919;5041.378;4317.389;109.715;6335.137;1211.796;586.125;27366.938;1225.113;339.568;980.708;7280.229;6837.868;56.587;56426.081;830.376;1571.845;649.02;325.817;855.133;185.568;5909.31;600.296;654.801;8036.041;599.726;18069.649;9350.394;656.677;568.976;2429.12;864.708;914.839;145.727;1233.687;864.25;889.416;10528.173;3972.38;367.457;28787.179;13473.906;586.993;861.674;876.045;498.214;8711.439;6975.637;5496.48;1531.442;4497.816;3111.189;1807.657;7843.609;5045.316;2751.074;1042.742;2590.143;2633.96;3975.287
2016-12-30 ;4744.229;3155.971;5329.168;15218.377;5089.057;4304.906;105.226;6451.331;1308.293;606.424;28738.353;1302.008;354.788;1035.321;7685.512;7314.576;57.404;52818.71;893.615;1657.63;648.512;325.319;966.396;188.416;5967.906;605.838;657.983;8084.592;655.377;18745.419;9668.534;639.223;649.695;2432.916;872.044;989.269;154.207;1318.274;972.919;937.453;10345.838;4300.163;361.809;30059.544;14041.62;579.487;879.536;896.541;522.635;8873.983;7264.233;5637.125;1581.729;4568.73;3273.638;1916.755;7685.188;5034.793;2836.53;1027.524;2682.84;2678.471;4013.999
2017-01-31 ;5618.328;3327.938;5556.53;15233.669;5636.079;4506.823;112.368;6695.358;1354.775;620.293;30015.123;1277.345;356.568;1028.388;7731.936;7542.93;52.883;56898.408;932.603;1658.506;676.731;328.097;942.415;185.96;6190;652.587;678.357;8262.964;695.16;19068.454;10306.752;695.636;649.826;2654.939;922.16;1092.727;153.201;1334.286;970.36;963.952;11209.711;4420.032;352.548;31777.176;14605.03;608.202;912.462;928.716;526.525;9057.802;7357.992;5859.66;1723.34;4737.219;3331.727;1996.892;8198.781;5301.176;2960.439;1082.454;2724.164;2775.039;4112.879
2017-02-28 ;5668.498;3327.296;5766.114;15527.419;5884.228;4644.395;116.344;6591.78;1316.557;635.782;29876.118;1421.043;355.263;1063.432;7760.25;7596.975;54.536;58048.426;906.768;1697.595;716.692;342.031;939.437;195.03;6259.571;672.773;690.516;8543.739;668.792;19772.386;10048.154;695.147;653.354;2598.811;912.688;1148.868;155.517;1361.161;908.718;981.192;11485.432;4442.94;357.558;31749.138;14831.328;636.605;918.67;979.701;531.572;9413.932;7506.416;6052.984;1801.477;4629.68;3347.331;2006.325;8694.164;5633.703;3017.365;1138.991;2790.674;2826.777;4245.52
2017-03-31 ;6394.947;3442.887;5915.952;16002.819;5619.897;4999.263;118.829;6624.468;1382.902;640.709;30626.399;1325.964;368.604;1115.051;8250.145;7938.006;55.419;59899.125;893.05;1775.013;759.54;343.661;1026.772;201.716;6244.964;708.214;712.553;9382.595;630.117;20873.411;9813.843;654.135;636.74;2566.825;927.38;1164.826;166.927;1342.848;928.096;980.175;11740.237;4939.567;341.91;33060.146;15281.777;647.744;955.842;993.839;534.772;9427.218;7631.688;6205.734;1741.107;4661.547;3560.864;2100.783;9153.82;5796.965;3089.767;1155.919;2848.812;2815.531;4239.793
2017-04-28 ;6562.66;3775.807;5874.544;16537.281;5620.12;4952.095;121.998;6487.564;1366.306;674.577;33006.597;1305.751;381.846;1191.409;8699.626;8179.811;61.69;61745.763;929.65;1834.124;774.196;345.64;1050.652;193.604;6310.514;715.305;740.108;9466.372;649.254;21767.394;9835.551;659.885;648.934;2498.652;980.318;1298.425;167.24;1326.115;926.248;1034.155;11775.649;5168.382;392.206;34640.983;15865.895;661.048;956.974;1110.415;535.823;9529.124;7790.307;6167.574;1749.162;4603.816;3754.21;2171.104;9494.738;5804.152;3239.985;1156.557;2998.784;2851.24;4276.395
2017-05-31 ;6955.364;4138.194;5643.742;17448.913;5338.972;4988.228;128.448;6475.502;1443.666;716.134;35058.138;1402.711;389.236;1282.992;9171.885;8575.772;70.344;63801.231;1030.897;1880.923;787.794;343.886;1111.481;200.924;6501.026;773.11;750.973;9505.491;666.254;22903.666;10366.68;671.465;664.439;2657.071;1006.006;1301.471;184.536;1299.417;868.264;1055.161;12218.215;5409.891;395.424;35758.944;16749.056;677.041;968.845;1144.123;537.425;9659.082;8151.408;6123.09;1718.076;4605.063;4006.684;2304.879;9532.441;6447.371;3401.233;1174.002;3077.247;2950.258;4306.039
2017-06-30 ;6715.46;4202.176;5808.641;16886.992;5248.471;4923.925;131.492;6678.852;1417.267;710.494;35338.724;1369.012;382.771;1275.014;9063.59;8487.699;74.265;64204.028;1066.067;1930.393;781.627;366.594;1125.209;198.088;6571.267;780.896;749.15;10068.523;707.449;22555.001;10282.324;706.926;623.536;2751.972;994.071;1325.723;173.727;1196.758;837.076;1015.755;12358.793;5339.128;418.515;36050.863;16720.287;705.991;980.035;1190.496;541.907;9719.6;7993.433;6303.559;1661.522;4733.168;3980.288;2296.58;9463.098;6317.563;3401.697;1200.101;2998.487;2988.841;4358.688
2017-07-31 ;6256.132;4577.999;6066.937;18321.9;5823.846;5360.126;143.254;6946.032;1461.019;754.954;36917.692;1413.802;384.738;1303.543;9320.29;8642.565;75.045;66583.808;1146.211;1934.429;841.846;359.632;1210.842;195.537;6704.272;805.747;750.083;10496.424;721.727;24097.315;11513.708;727.805;580.438;2900.288;1016.55;1414.854;183.139;1262.503;874.679;1084.994;13008.805;5589.858;408.693;36340.023;16865.772;728.079;1006.968;1262.832;576.95;9917.617;8199.652;6509.883;1846.69;4923.641;4099.477;2350.523;10141.34;6502.793;3474.046;1226.671;3090.746;3046.452;4423.93
2017-08-31 ;6954.331;4649.773;6055.438;18100.974;6193.296;5651.284;149.335;6958.598;1498.289;768.574;38246.245;1440.938;381.769;1303.429;9418.755;8663.563;75.893;67726.926;1232.711;1925.469;835.53;307.852;1233.021;197.064;6701.167;785.715;758.587;10599.533;734.631;24085.776;11794.578;710.382;502.065;3147.646;992.784;1509.641;192.372;1179.14;945.856;1127.662;12917.972;5524.463;390.93;36894.414;16721.677;740.493;1052.627;1320.539;576.936;9950.135;8137.59;6547.602;1967.539;4937.293;4141.332;2364.832;10184.66;6325.266;3463.792;1257.196;3045.719;3042.007;4389.754
2017-09-29 ;7673.142;4740.319;5992.859;18452.05;6455.811;5758.232;150.905;7220.082;1509.37;781.845;38108.923;1399.174;406.285;1317.038;9826.55;9144.789;65.283;67485.05;1167.962;1910.401;804.707;320.273;1281.105;192.375;6840.849;802.091;762.901;10219.52;718.485;24665.225;12264.383;708.597;522.091;3138.951;1025.244;1452.389;196.945;1114.742;988.356;1056.16;12744.595;5571.306;392.785;38028.361;17054.647;715.853;1084.094;1194.8;564.124;10153.05;8407.5;6462.691;2039.425;5093.836;4315.051;2473.944;9858.961;6082.773;3581.59;1213.888;3143.016;3088.496;4509.203
2017-10-31 ;8101.981;4839.165;6078.007;18753.163;6243.936;6045.631;156.903;7208.888;1374.155;798.523;38657.579;1380.946;408.239;1285.406;9973.917;9284.839;63.889;67742.44;1226.295;1912.237;864.029;311.004;1263.201;191.35;7156.356;869.495;760.998;9448.625;723.516;24881.23;12385.925;664.385;482.705;3260.29;1034.929;1499.979;193.26;1092.389;969.692;1081.948;13384.213;5580.469;396.032;37953.664;16767.546;761.266;1110.853;1195.997;573.865;10385.544;8458.651;6622.52;1967.206;5060.719;4340.406;2500.836;10617.04;6514.055;3583.231;1253.47;3131.203;3216.118;4562.43
2017-11-30 ;7720.811;4964.827;6109.622;18387.653;6050.352;5337.324;159.349;7257.1;1411.105;815.651;38054.117;1355.955;401.692;1287.657;9999.981;9396.097;63.564;70022.218;1193.599;1904.764;857.941;306.744;1271.547;198.084;7370.641;869.541;774.579;9404.591;743.155;24705.89;12167.697;666.992;494.384;3329.354;1039.481;1483.808;196.708;1016.671;1002.531;1178.803;13905.604;5546.701;380.933;36716.305;17125.287;735.995;1130.784;1101.027;538.848;10701.685;8469.356;6733.109;1885.798;5103.875;4399.023;2567.399;10461.16;6748.305;3604.101;1247.467;3113.086;3318.253;4733.266
2017-12-29 ;8237.676;5016.718;6403.236;18228.571;6335.02;6180.828;162.4;7541.878;1521.426;842.412;38967.614;1369.653;420.376;1283.417;9983.405;9398.764;74.132;71923.057;1250.605;2068.613;899.845;333.752;1252.062;206.386;7423.497;895.435;822.83;9400.012;732.807;24883.399;12531.544;720.187;494.772;3366.988;1091.743;1536.386;193.071;1166.557;1032.381;1282.843;14031.66;5490.328;372.331;36613.494;17358.144;744.701;1186.809;1246.86;537.945;10817.693;8889.679;7079.105;1978.416;5300.887;4427.055;2597.34;10970.69;6971.941;3692.829;1271.494;3241.865;3361.737;4787.406
2018-01-31 ;8415.768;5561.629;6592.425;19220.201;7402.263;6632.565;182.681;7615.521;1693.827;912.842;40183.813;1354.868;431.287;1371.373;10684.296;9955.979;82.857;75269.01;1347.908;2130.819;930.824;347.973;1399.048;219.746;7763.784;928.518;886.813;10138.685;787.587;26461.318;13278.105;746.885;536.066;3689.652;1077.218;1671.023;201.709;1234.611;1162.275;1318.742;14931.186;5984.132;402.753;38856.356;18100.466;801.277;1287.575;1308.288;556.809;11438.549;9160.252;7265.359;2228.582;5355.137;4730.359;2742.947;11016.03;7446.176;3922.738;1345.887;3356.808;3505.502;5003.938
2018-02-28 ;7988.94;5246.34;6365.025;18421.911;7257.43;6383.304;170.982;7060.116;1572.677;871.034;39079.33;1348.654;401.042;1409.82;10166.318;9242.25;76.074;72851.917;1244.566;2066.059;868.417;334.325;1316.35;226.576;7647.305;869.679;874.359;9416.067;780.964;25125.309;13039.297;694.091;535.731;3588.452;1027.303;1505.419;192.688;1152.743;1173.136;1315.54;14635.26;5504.631;396.755;36763.213;16951.299;777.056;1317.507;1281.273;535.029;11018.81;8575.636;6960.105;2170.059;4954.965;4491.98;2592.462;10274.25;6850.465;3700.244;1301.313;3182.974;3436.74;4795.285
2018-03-30 ;7780.321;5131.292;6010.971;18324.374;7124.697;6281.908;165.354;6999.683;1595.358;896.352;38551.265;1519.788;396.426;1394.29;10022.23;9068.209;69.141;70938.444;1238.088;1921.539;837.277;316.236;1320.223;229.21;7496.345;892.078;892.948;9487.918;779.318;25129.714;12827.13;685.001;552.313;3714.941;967.019;1410.761;199.044;1195.85;1129.235;1231.271;14419.486;5399.776;393.064;35932.721;16678.7;787.075;1294.122;1187.118;532.485;10749.935;8546.429;6630.395;2112.448;4949.926;4430.207;2545.924;9917.898;6978.191;3608.442;1337.282;3172.305;3392.195;4766.582
2018-04-30 ;7416.533;5056.578;6157.983;17774.049;6841.304;6393.099;165.319;7175.418;1758.592;898.86;37753.156;1552.023;406.344;1462.316;10507.82;9263.103;80.029;73291.546;1227.701;1835.098;871.735;319.183;1394.75;244.385;7546.384;916.597;885.159;9700.705;770.623;25534.285;13177.787;683.084;523.291;3827.148;956.293;1429.712;202.438;1287.02;1045.292;1217.122;15321.646;5558.721;395.339;35598.156;16692.697;751.1;1291.406;1061.013;533.694;10793.112;8959.333;6814.973;2020.578;5103.398;4555.715;2559.581;10198.15;7101.789;3657.145;1314.463;3316.212;3430.189;4774.617
2018-05-31 ;5795.261;4696.852;6246.546;16855.467;5721.713;5888.217;168.402;7320.536;1683.459;859.243;36774.25;1369.259;419.538;1439.3;10142.22;8974.962;65.027;73717.781;1056.508;1820.981;840.404;342.629;1238.708;229.184;7472.966;868.579;813.223;8378.847;715.574;24714.998;13014.9;709.575;474.348;3638.065;911.616;1275.216;202.57;1244.454;1057.398;1135.461;14413.106;5042.898;368.945;34974.349;16155.454;749.874;1227.964;925.097;518.972;11056.293;8885.139;6883.242;1743.176;5182.93;4421.418;2504.284;9675.824;6839.395;3603.362;1331.949;3304.353;3404.454;4853.051
2018-06-29 ;4522.643;4598.291;6327.37;17357.231;5246.213;5592.389;159.662;7341.637;1703.588;867.781;35878.31;1398.759;404.619;1424.549;10054.396;8763.201;67.733;70099.957;1059.8;1687.276;832.225;351.144;1230.981;224.623;7286.203;811.012;790.783;9157.148;705.247;24739.751;13208.19;724.684;438.591;3596.948;859.77;1247.241;203.393;1238.023;1063.809;1086.602;13339.889;5178.326;361.231;34805.208;16308.783;739.342;1101.064;882.105;509.337;11131.375;8799.628;6881.871;1623.905;5166.598;4365.27;2425.706;9373.27;6444.98;3615.791;1300.199;3260.601;3316.899;4902.133
2018-07-31 ;5160.422;4833.455;6467.956;17733.891;5867.129;5843.331;155.786;7522.41;1672.914;919.124;37943.986;1351.914;404.268;1441.195;10420.453;9140.177;67.581;71237.491;1086.442;1734.055;886.434;365.495;1271.187;214.474;7315.389;798.542;828.149;9951.7;707.642;25754.374;13321.522;721.357;446.484;3676.415;924.169;1389.202;213.483;1382.042;1109.598;1141.79;13568.479;5379.019;349.989;36695.75;17372.607;780.45;1186.91;818.478;535.609;11530.98;8876.614;7060.906;1778.842;5229.969;4494.398;2546.056;9783.676;6233.879;3772.342;1338.019;3254.318;3312.35;5047.844
2018-08-31 ;3941.632;4477.967;6354.113;16897.442;5204.967;5326.037;149.887;7415.535;1612.972;899.774;38129.643;1391.858;396.96;1478.281;10214.29;8863.739;60.822;69617.022;1103.556;1748.076;894.981;376.879;1150.578;208.625;7331.991;813.466;834.264;9641.301;695.354;25256.382;13212.252;758.065;419.905;3446.114;948.066;1400.168;208.909;1404.426;1032.194;1028.085;13341.253;5061.01;350.108;36172.518;17483.06;789.653;1213.769;581.313;532.172;11912.821;8505.503;7003.262;1593.94;5081.355;4426.184;2499.985;9923.145;6298.398;3803.824;1344.792;3158.425;3295.304;5167.621
2018-09-28 ;4111.914;4615.821;6269.898;16460.538;5570.087;5484.269;147.811;7413.238;1662.126;902.405;36746.388;1303.513;383.033;1470.087;10342.889;8713.287;55.822;69436.99;1109.078;1720.662;813.503;369.311;1178.42;205.487;7564.143;817.013;820.913;9795.249;686.025;24388.163;14113.783;743.226;417.867;3520.291;868.808;1385.267;202.624;1396.923;1134.006;1008.217;13631.379;5059.541;312.134;37247.666;17498.921;792.226;1252.14;701.234;525.187;11967.295;8654.536;6918.438;1663.877;5106.34;4453.703;2425.445;8831.82;6534.082;3769.628;1314.26;3169.18;3389.75;5161.301
2018-10-31 ;4034.278;4325.072;5794.799;14537.723;6563.269;5027.619;130.86;6838.696;1424.819;831.812;33153.762;1227.384;351.911;1330.761;9374.155;7977.568;51.268;61725.966;1080.453;1667.667;756.743;347.135;1067.95;197.313;6924.835;699.861;768.556;8094.37;649.3;22493.381;13013.24;682.113;388.952;3494.773;859.809;1246.991;182.773;1499.941;1083.644;898.361;12460.504;4718.333;329.85;33540.35;16808.807;698.774;1161.197;684.837;523.188;11136.457;8070.122;6377.836;1973.668;4684.043;4035.337;2217.347;8364.367;5455.465;3467.859;1159.628;2907.057;3098.135;4762.629
2018-11-30 ;4260.837;4141.541;5831.097;14843.834;6435.226;5195.277;140.451;6862.077;1399.349;848.962;34299.637;1194.026;331.778;1264.105;9210.1;7815.072;49.563;66263.559;1175.645;1872.338;835.215;362.646;1076.581;188.637;6952.557;723.371;760.836;7708.659;675.203;23126.012;12341.563;707.845;368.098;3369.609;901.888;1342.343;177.033;1529.455;1071.075;977.385;12830.482;4807.418;343.108;33083.932;16848.986;693.596;1157.683;774.728;495.262;11353.427;7936.724;6333.488;1957.599;4647.805;3968.152;2159.311;9122.93;5857.051;3362.941;1212.562;2846.136;3143.998;4886.219
2018-12-31 ;4058.031;3659.61;5645.901;13466.051;6325.537;5011.845;131.951;6293.2;1347.45;823.634;33168.983;1181.534;315.177;1255.071;8795.746;7364.898;46.952;66292.663;1174.028;1888.566;834.112;316.422;1039.556;197.209;6489.834;712.19;773.179;7962.577;681.685;21710.52;11577.387;695.035;325.398;3419.643;915.662;1344.538;173.639;1514.613;1034.537;970.944;12716.656;4629.03;334.072;32007.172;15934.825;683.924;1124.44;734.97;496.321;10330.721;7636.319;6053.016;1966.477;4312.68;3744.693;2022.37;9271.355;5937.5;3184.912;1175.316;2726.93;2935.728;4401.797
